{"cameraMode":{"drawMode":0,"name":"Shaded","section":"Shading Mode"},"sceneLighting":false,"audioPlay":false,"sceneViewState":{"showFog":true,"showMaterialUpdate":false,"showSkybox":false,"showFlares":true,"showImageEffects":true,"showParticleSystems":true},"in2DMode":false,"pivot":{"x":-0.17160089313983918,"y":-0.0816282257437706,"z":0.26317229866981509},"rotation":{"x":-0.30314505100250246,"y":0.12587465345859528,"z":-0.04043350741267204,"w":-0.9437291622161865},"size":3.457883596420288,"orthographic":false}