{"cameraMode":{"drawMode":0,"name":"Shaded","section":"Shading Mode"},"sceneLighting":false,"audioPlay":false,"sceneViewState":{"showFog":true,"showMaterialUpdate":false,"showSkybox":false,"showFlares":true,"showImageEffects":true,"showParticleSystems":true},"in2DMode":false,"pivot":{"x":0.09000001847743988,"y":1.2588510513305665,"z":2.291066884994507},"rotation":{"x":-0.16154780983924867,"y":-0.02457275614142418,"z":0.004023748449981213,"w":-0.98655104637146},"size":2.8578836917877199,"orthographic":false}